<?xml version="1.0" encoding="UTF-8"?>
<project-private xmlns="http://www.netbeans.org/ns/project-private/1">
    <editor-bookmarks xmlns="http://www.netbeans.org/ns/editor-bookmarks/2" lastBookmarkId="0"/>
    <open-files xmlns="http://www.netbeans.org/ns/projectui-open-files/2">
        <group>
            <file>file:/C:/Users/Ahmed/Desktop/Java_Assignment/Java_Assignment/Java_Assignment/src/Scheduler/Hall.java</file>
            <file>file:/C:/Users/Ahmed/Desktop/Java_Assignment/Java_Assignment/Java_Assignment/src/database/Database.txt</file>
            <file>file:/C:/Users/Ahmed/Desktop/Java_Assignment/Java_Assignment/Java_Assignment/src/Adminstrator/Admin.java</file>
            <file>file:/C:/Users/Ahmed/Desktop/Java_Assignment/Java_Assignment/Java_Assignment/src/Scheduler/Hall_Maintenance.java</file>
            <file>file:/C:/Users/Ahmed/Desktop/Java_Assignment/Java_Assignment/Java_Assignment/src/database/Hall_Info.txt</file>
            <file>file:/C:/Users/Ahmed/Desktop/Java_Assignment/Java_Assignment/Java_Assignment/src/database/Booking.txt</file>
            <file>file:/C:/Users/Ahmed/Desktop/Java_Assignment/Java_Assignment/Java_Assignment/src/database/Customer.txt</file>
            <file>file:/C:/Users/Ahmed/Desktop/Java_Assignment/Java_Assignment/Java_Assignment/src/Scheduler/Hall_Management.java</file>
            <file>file:/C:/Users/Ahmed/Desktop/Java_Assignment/Java_Assignment/Java_Assignment/src/Customer/Booking.java</file>
            <file>file:/C:/Users/Ahmed/Desktop/Java_Assignment/Java_Assignment/Java_Assignment/src/Scheduler/Hall_Availability.java</file>
        </group>
    </open-files>
</project-private>
